smiles,PotencyuMol,logxadd1PotencyuMol
[C@H](COc1cncc2n1c(nn2)c1ccc(cc1)OC(F)F)(c1cc(c(cc1)F)F)NC,10,2.0413926852
[C@H]1([C@@H](N(C1)C1CC1)c1cc(c(cc1)F)F)Oc1cncc2n1c(nn2)c1ccc(cc1)OC(F)F,0.61,1.206825876
[C@H]1([C@@H](N(C1=O)C1CC1)c1cc(c(cc1)F)F)Oc1cncc2n1c(nn2)c1ccc(cc1)OC(F)F,1.121,1.3265406685
[C@H]1([C@H](N(C1)C1CC1)c1ccc(c(c1)F)F)Oc1cncc2nnc(n12)c1ccc(cc1)OC(F)F,0.731,1.2382970679
[C@H]1(C(N([C@@H]1c1cc(c(cc1)F)F)C1CC1)=O)Oc1ncc2n(c1)c(nn2)c1ccc(cc1)OC(F)F,10,2.0413926852
[n+]1(C)c2c(cccc2)nc(ccc(NCCO)c3)c13,0.296,1.1126050015
[O-][N+](=O)c1ccc(C=NNc2nc3ccccc3[nH]2)cc1,0.142,1.0576661039
Brc1ccc(cc1)c2cc3C(=O)c4ccccc4c3nn2,1.07,1.3159703455
Brc1ccc(cc1)c2oc(cc2)C(=O)Nc3ccc(CN4CCOCC4)cc3,1.36,1.372912003
Brc1ccc(cc1)S(=O)(=O)N2CCC(CC2)C(=O)NCc3occc3,0.939,1.2875778091
Brc1ccc(Nc2nc3ccccc3nc2Nc4ccc(Br)cc4)cc1,1.061,1.3140779918
Brc1ccc2OCC(=Cc2c1)C(=O)NCCCN3CCC(CC3)N4CCCCC4,0.563,1.193958978
Brc1cccc(c1)C(=O)Nc2ccc(cc2)c3nc4cc5ccccc5cc4[nH]3,0.45,1.1613680022
Brc1ccccc1C(=O)Nc2nc(cs2)c3ccccn3,1.36,1.372912003
c([nH]nc1c2c(O)cc(C)c(Cl)c2)(C3=O)c1C(c4ccccc4F)N3CCc(cc5)ccc5OC,0.916,1.2823955047
c(c(ccn1)NCCN(CC)CC)(ccc(Cl)c2)c12,0.058,1.0244856677
C(c1ccccc1)n2c(N=Nc3c(Nc4ccccc4)ccc5ccccc35)nc6ccccc26,0.037,1.0157787564
C(Cc1c[nH]c2ccccc12)Nc3c4ccccc4nc5ccccc35,0.304,1.1152775914
C(CCCNc1c2CCCCc2nc3ccccc13)CCNc4c5CCCCc5nc6ccccc46,0.376,1.1386184339
C(COc1cncc2n1c(nn2)c1ccc(cc1)OC(F)F)(c1ccc(c(c1)F)F)(F)C,0.123,1.0503797563
C(COc1cncc2n1c(nn2)c1ccc(cc1)OC(F)F)(c1ccc(c(c1)F)F)(O)C,0.101,1.041787319
C(COc1cncc2n1c(nn2)c1ccc(cc1)OC(F)F)(c1ccc(c(c1)F)F)F,0.065,1.0273496078
C(F)(F)(F)c(cc1)ccc1C(=O)NCC(N2CCCCCC2)c(ccs3)c3,0.433,1.1562461904
c(n1)(nc(NNC(=O)c(cc2)ccc2)cc1N(CCC3)C3)N(C4)CCC4,1.33,1.367355921
C(Nc1nc(Nc2ccccc2)nc3ccccc13)c4ccccc4,0.776,1.2494429614
C[C@@H](C1)N[C@@]2(C(NC3=C2C=C(Cl)C=C3)=O)C4=C1C5=CC(F)=C(Cl)C=C5N4,0,1
C[C@@H](CC1)N[C@@]2(C(NC3=C2C=C(Cl)C=C3)=O)C4=C1C5=CC=CC=C5N4,0.022,1.0094508958
C=1\NC(c2n(/C1/OCCc1cc(c(cc1)F)F)c(nn2)c1ccc(cc1)OC(F)F)=O,4.13,1.7101173651
C1(=NC(C)(Cc(cc(OC)c(OC)c2)c23)C)C3=NNC1=O,1.04,1.3096301674
C1(=NC(N(C)C2=O)=O)C2=NC(=NN1CC)c3ccc(C(=O)OC)cc3,0.693,1.2286569581
c1(C#N)nc(Cc2cccc(cccc3)c23)oc1N(CC4)CCN4C(c5ccccc5)c6ccccc6,1.16,1.3344537512
c1(C(c(cccn2)c2)N3CCC(CC3)Cc4ccccc4)c(C)c(C)sc1NC(=O)c5ccco5,1.02,1.3053513694
c1(C(c2cccs2)N(CCN3c4ccccc4)CC3)c(C)c(C)sc1NC(c5ccccc5)=O,1.18,1.3384564936
c1(c(ccn2)NCCN(CC)CC)c2cc(cccc3)c3c1,0.391,1.14332713
c1(c(cnn1c2cccc(C)c2)C(=O)N3)N=C3n4nc(C)cc4NC(=O)c5cc(cccc6)c6o5,0.929,1.2853322276
c1(C(NCc2cncc3n2c(nn3)c2ccc(cc2)OC(F)F)=O)cc(ccc1)Cl,10,2.0413926852
c1(C(OCC)=O)c(cc(cc2)OC(=O)c(cc3OC)cc(OC)c3OC)c2n(c4ccccc4)c1C,0.615,1.2081725267
c1(cc(Br)ccc1O)CN(CC2)CCN2Cc3cccc(F)c3,1.03,1.3074960379
c1(cc(C)nc(ccc(OC)c2)c12)Nc3ccccc3O,0.686,1.2268575703
c1(cc(c2ccc(C)cc2)n3)n3ccnc1SCC(=O)Nc(c(Cl)ccc4C(F)(F)F)c4,0.093,1.0386201619
c1(cc(c2ccc(OC)cc2)n3)n3ccnc1SCC(=O)Nc(c(Cl)ccc4C(F)(F)F)c4,0.09,1.0374264979
c1(cc(c2ccccc2)n3)n3ccnc1SCC(=O)Nc(c(Cl)ccc4C(F)(F)F)c4,0.218,1.0856472883
C1(CC1)(C(Oc1cncc2n1c(nn2)c1ccc(cc1)OC(F)F)C(F)(F)F)c1ccc(c(c1)F)F,10,2.0413926852
c1(ccc2n(n1)c(nn2)c1ccc(cc1)C#N)NCCc1cnccc1,10,2.0413926852
c1(ccc2n(n1)c(nn2)c1ccc(cc1)OC(F)F)NCCc1ccc(cc1)F,0.51,1.1789769473
c1(ccc2n(n1)c(nn2)c1ccc(cc1)OC(F)F)OCCc1cc(c(cc1)F)F,6.779,1.8909237715
c1(ccccc1)CCCc1cncc2n1c(nn2)c1ccc(cc1)OC(F)F,0.28,1.1072099696
c1(ccccc1)CCCC1CNCc2n1c(nn2)c1ccc(cc1)OC(F)F,8.76,1.9894498177
c1(CCN2CCOCC2)cncc2n1c(nn2)c1ccc(cc1)OC(F)F,10,2.0413926852
c1(Cl)c(ccc(Cl)c1)OCC(O)CNC(C)(C)CC(C)(C)C,1.16,1.3344537512
C1(CN(C1)c1cc(c(cc1)F)F)Oc1cncc2n1c(nn2)c1ccc(cc1)OC(F)F,0.43,1.1553360375
c1(cnc(c2c1O)ccc(CC)c2)C(OCC)=O,0.351,1.130655349
C1(COC1)(COc1cncc2n1c(nn2)c1ccc(cc1)OC(F)F)c1cc(c(cc1)F)F,0.483,1.171141151
C1(N(C)N=O)=C(NC2CCCCC2)C(=O)c(cccc3)c3C1=O,1.19,1.3404441148
c1(N(CC2)CCN2C)c3c(nc(Nc(ccc4O)cc4)n1)cccc3,1.43,1.3856062736
c1(Nc(cc2)ccc2N(CC3)CCN3C)c4c(ccc(OC)c4)ncc1C(OCC)=O,1.1,1.3222192947
c1(ncc2n(c1)c(nn2)c1ccc(cc1)OC(F)F)NC(Cc1cccc(c1)Cl)=O,10,2.0413926852
c1(ncc2n(c1)c(nn2)c1ccc(cc1)OC(F)F)Nc1ccc(c(c1)F)F,10,2.0413926852
c1(ncc2n(c1)c(nn2)c1ccc(cc1)OC(F)F)NCc1cc(c(cc1)F)F,10,2.0413926852
c1(ncc2n(c1)c(nn2)c1ccc(cc1)OC(F)F)NCCc1ccc(cc1)F,10,2.0413926852
c1(ncc2n(c1)c(nn2)c1ccc(cc1)OC(F)F)Oc1ccc(c(c1)F)F,3.446,1.6479694584
c1(ncc2n(c1)c(nn2)c1ccc(cc1)OC(F)F)OCc1cc(c(cc1)F)F,0.521,1.1821292141
c1(ncc2n(c1)c(nn2)c1ccc(cc1)OC(F)F)OCCc1cc(c(cc1)F)F,0.034,1.0145205388
C1(O)(CC(=O)c(ccc(OC)c2)c2O1)C(F)(F)C(F)(F)F,0.283,1.1082266564
c1(OCC)c(OC)cc(cc1Cl)CN([H])CC(O)c2ccccc2,1.05,1.3117538611
c1(OCC)c(OCC)cc(cc1Cl)CN([H])C(C)C(O)c2ccccc2,1.24,1.3502480183
c1(sc(cc2c(c3CC2)c4ccc3)c4n1)NC(=O)c(cc5OC)cc(OC)c5OC,0.898,1.2782962081
c1[n+](cc2n(c1OCCc1cc(c(cc1)F)F)c(nn2)c1ccc(cc1)OC(F)F)[O-],4.01,1.6998377259
C12(Nc(cccc3)c3c4n1c5c(cccc5)n4)C(=O)Nc(ccc(OC)c6)c26,0.928,1.2851070296
C12=C(C=C(C(=O)NCc(cccn3)c3)C(=N)N1CCc(cc4)ccc4OC)C(=O)N(C=CC=C5C)C5=N2,0.373,1.1376705372
C12=C(c3c(cccc3)C1=O)Nc4c(cccc4)SC2c5ccccc5,0.89,1.2764618042
C12=C(N=CN(CCCN(C)C)C1=N)Oc3c(ccc(cccc4)c34)C2c5ccc(OC)cc5,1.23,1.348304863
C12=C(N=CN(CCCn(ccn3)c3)C1=N)Oc4c(ccc(cccc5)c45)C2c6ccc(OC)c(OC)c6,1.79,1.4456042033
C12=CC=CC=C1C3=C(C4(CCN(CC5=CC=CC=C5)CC4)OCC3)N2,1.033,1.3081373786
C12=NN=C(C3=CC(C=CC=C4)=C4C=C3)N1C(OCC5=NC=CC=C5)=CN=C2,10,2.0413926852
C12=NN=C(C3=CC(C=CC=C4)=C4C=C3)N1C(OCCC5=CC=CC=C5)=CN=C2,0.415,1.1507564399
C12=NN=C(C3=CC(OCO4)=C4C=C3)N1C(OCC5=NC=CC=C5)=CN=C2,10,2.0413926852
C12=NN=C(C3=CC(OCO4)=C4C=C3)N1C(OCCC5=CC=CC=C5)=CN=C2,1.014,1.3040594662
C12=NN=C(C3=CC=CC=C3)N1C(OCCC4=CC=CC=C4)=CN=C2,1.599,1.4148062795
c12c(C(=O)N(C)C(=O)N1C)n(Cc3cccc(OC)c3)c(Oc4ccccc4)n2,1.39,1.3783979009
c12c(CC(C(O)=O)NC1c3ccc(Cl)cc3Cl)c4c(cccc4)[nH]2,0.35,1.1303337685
c12c(nc(c3ccc(OC)cc3)nc1N4CCN(C(=O)C5CCCCC5)CC4)sc(CCCC6)c26,1.06,1.3138672204
c12c(ncnc1N(CC3)CCN3C)c4c(ccc(Cl)c4)[nH]2,1.19,1.3404441148
c12c(ncnc1NCCCN(CC3)CCO3)c4c(ccc(Cl)c4)[nH]2,0.7,1.2304489214
c12c(ncnc1NCCN(CC)CC)c3c(ccc(Br)c3)[nH]2,0.707,1.2322335211
c12c(ncnc1NCCN(CC)CC)c3c(ccc(Cl)c3)[nH]2,0.406,1.1479853207
c1c(c(c(cc1)C(F)(F)F)Cl)CNC(c1cncc2n1c(nn2)c1ccc(cc1)OC(F)F)=O,0.309,1.1169396466
c1c(c(ccc1Cl)Cl)CNC(c1cncc2n1c(nn2)c1ccc(cc1)OC(F)F)=O,0.332,1.1245042248
c1c(ccc(c1F)F)CNC(c1cncc2n1c(nn2)c1ccc(cc1)OC(F)F)=O,0.28,1.1072099696
c1cc(cc2c1n(cc2)C)Oc1cncc2n1c(nn2)c1ccc(cc1)OC(F)F,1.983,1.4746532534
c1ccc(cc1)C2=Nc3ccccc3N=C(c4ccccc4)c5ccccc25,0.662,1.2206310194
c1ccc(cc1)c2ccc(cc2)c3nc4ccccc4[nH]3,1.07,1.3159703455
C1CN(CCO1)c2ccc(Nc3ccnc4cc5ccccc5cc34)cc2,0.251,1.0972573097
C1N(Cc2n(C1)c(nn2)c1ccc(cc1)OC(F)F)C(CN)=O,10,2.0413926852
c1nc(c2n(c1OCCc1cc(c(cc1)F)F)c(nn2)c1ccc(cc1)OC(F)F)C,6.92,1.8987251816
c1nc(c2n(c1OCCc1cc(c(cc1)F)F)c(nn2)c1ccc(cc1)OC(F)F)Cl,0.16,1.0644579892
c1nc(c2n(c1OCCc1cc(c(cc1)F)F)c(nn2)c1ccc(cc1)OC(F)F)N,10,2.0413926852
c1nc(c2n(c1OCCc1cc(c(cc1)F)F)c(nn2)c1ccc(cc1)OC(F)F)N(CC)CC,6.86,1.895422546
c1ncc2cnc(n2c1OCCc1cc(c(cc1)F)F)c1ccc(cc1)Cl,0.83,1.2624510897
C1NCc2n(C1)c(nn2)c1ccc(cc1)OC(F)F,10,2.0413926852
c1ncc2n(c1C(=O)N(Cc1cc(ccc1)Cl)C)c(nn2)c1ccc(cc1)OC(F)F,1.06,1.3138672204
c1ncc2n(c1C(=O)N[C@@H](c1ccccc1)C)c(nn2)c1ccc(cc1)OC(F)F,1.36,1.372912003
c1ncc2n(c1C(=O)N[C@H](c1ccccc1)C)c(nn2)c1ccc(cc1)OC(F)F,1.6,1.414973348
c1ncc2n(c1C(=O)N1CCc3c1ccc(c3)F)c(nn2)c1ccc(cc1)OC(F)F,10,2.0413926852
c1ncc2n(c1C(=O)Nc1ccc(cc1Cl)F)c(nn2)c1ccc(cc1)OC(F)F,5.576,1.8179618045
c1ncc2n(c1C(=O)NC1CCc3c1ccc(c3)Cl)c(nn2)c1ccc(cc1)OC(F)F,0.547,1.1894903137
c1ncc2n(c1C(=O)Nc1ccnc(c1)C(F)(F)F)c(nn2)c1c(nn(c1C)c1ccc(cc1)F)C,10,2.0413926852
c1ncc2n(c1C(=O)NCCc1ccccc1)c(nn2)c1ccc(cc1)OC(F)F,3.17,1.620136055
c1ncc2n(c1C(N1C(CCC1)c1ccccc1)=O)c(nn2)c1ccc(cc1)OC(F)F,3.56,1.6589648427
c1ncc2n(c1C(N1CCCC1)=O)c(nn2)c1ccc(cc1)OC(F)F,10,2.0413926852
c1ncc2n(c1C(N1CCN(CC1)c1ncccc1)=O)c(nn2)c1ccc(cc1)OC(F)F,10,2.0413926852
c1ncc2n(c1C(N1CCN(CC1)S(=O)(C)=O)=O)c(nn2)c1ccc(cc1)OC(F)F,10,2.0413926852
c1ncc2n(c1C(N1CCOCC1)=O)c(nn2)c1ccc(cc1)OC(F)F,10,2.0413926852
c1ncc2n(c1C(Nc1cccc(c1)Cl)=O)c(nn2)c1ccc(cc1)OC(F)F,0.211,1.0831441431
c1ncc2n(c1C(Nc1ncccc1)=O)c(nn2)c1ccc(cc1)OC(F)F,10,2.0413926852
c1ncc2n(c1C(NCc1cc(ccc1)Cl)=O)c(nn2)c1ccc(cc1)OC(F)F,0.25,1.096910013
c1ncc2n(c1C(NCc1ccc(cc1)Cl)=O)c(nn2)c1ccc(cc1)OC(F)F,1.34,1.3692158574
c1ncc2n(c1C(NCc1ccccc1Cl)=O)c(nn2)c1ccc(cc1)OC(F)F,0.38,1.1398790864
c1ncc2n(c1C(NCC1CCOCC1)=O)c(nn2)c1ccc(cc1)OC(F)F,10,2.0413926852
c1ncc2n(c1C(NCCN1CCOCC1)=O)c(nn2)c1ccc(cc1)OC(F)F,10,2.0413926852
c1ncc2n(c1CCCc1cc(c(cc1)F)F)c(nn2)c1ccc(cc1)OC(F)F,0.32,1.1205739312
c1ncc2n(c1CCN1Cc3c(C1)cccc3)c(nn2)c1ccc(cc1)OC(F)F,10,2.0413926852
C1NCc2n(C1CCO)c(nn2)c1ccc(cc1)OC(F)F,8.37,1.9717395909
c1ncc2n(c1CCO)c(nn2)c1ccc(cc1)OC(F)F,10,2.0413926852
c1ncc2n(c1COCc1cc(c(cc1)F)F)c(nn2)c1ccc(cc1)OC(F)F,0.36,1.1335389084
c1ncc2n(c1N[C@H](c1cc(c(cc1)F)F)CO)c(nn2)c1ccc(cc1)OC(F)F,0.57,1.1958996524
c1ncc2n(c1N1CCC(C1)c1ccccc1)c(nn2)c1ccc(cc1)OC(F)F,2,1.4771212547
c1ncc2n(c1n1ccnc1Cc1cc(c(cc1)F)F)c(nn2)c1ccc(cc1)OC(F)F,10,2.0413926852
c1ncc2n(c1n1ncc(c1)c1cc(c(cc1)F)F)c(nn2)c1ccc(cc1)OC(F)F,6.721,1.8876735525
c1ncc2n(c1Nc1ccc(c(c1)Cl)Cl)c(nn2)c1ccc(cc1)OC(F)F,9.635,2.0267374942
c1ncc2n(c1OC[C@@H](c1cc(c(cc1)F)F)N)c(nn2)c1ccc(cc1)OC(F)F,0.279,1.1068705445
c1ncc2n(c1Oc1cc(c(cc1)Cl)C(F)(F)F)c(nn2)c1ccc(cc1)OC(F)F,0.597,1.2033049161
c1ncc2n(c1Oc1cc(c(cc1)Cl)Cl)c(nn2)c1ccc(cc1)OC(F)F,0.455,1.1628629933
c1ncc2n(c1Oc1cc3c(cc1)ccc(n3)C(F)(F)F)c(nn2)c1ccc(cc1)OC(F)F,1.629,1.4197905861
c1ncc2n(c1Oc1cc3c(cc1)cccc3)c(nn2)c1ccc(cc1)OC(F)F,0.115,1.0472748674
c1ncc2n(c1Oc1cc3c(cc1)CCCC3)c(nn2)c1ccc(cc1)OC(F)F,2.581,1.554004321
c1ncc2n(c1Oc1cc3nc(ccc3cc1)OC)c(nn2)c1ccc(cc1)OC(F)F,1.67,1.4265112614
c1ncc2n(c1Oc1ccc(c(c1)Cl)Cl)c(nn2)c1c(n(nc1C)c1ccc(cc1)F)C,10,2.0413926852
c1ncc2n(c1Oc1ccc(cc1)C(C)(C)C)c(nn2)c1ccc(cc1)OC(F)F,0.738,1.2400497721
c1ncc2n(c1Oc1ccc(cc1)C(F)(F)F)c(nn2)c1ccc(cc1)OC(F)F,0.383,1.1408221801
c1ncc2n(c1Oc1ccc(cc1)Cl)c(nn2)c1ccc(cc1)OC(F)F,2.96,1.5976951859
c1ncc2n(c1Oc1ccc(cc1)S(F)(F)(F)(F)F)c(nn2)c1ccc(cc1)OC(F)F,0.263,1.1014033506
c1ncc2n(c1Oc1ccc/3c(c1)OC(/C=C3/C)(C)C)c(nn2)c1ccc(cc1)OC(F)F,1.822,1.4505570094
c1ncc2n(c1Oc1ccc3c(c1)cc(c(c3)F)F)c(nn2)c1ccc(cc1)OC(F)F,0.839,1.2645817292
c1ncc2n(c1Oc1ccc3c(c1)cc(cc3F)F)c(nn2)c1ccc(cc1)OC(F)F,0.173,1.0692980121
c1ncc2n(c1Oc1ccc3c(c1)cnc(n3)C(F)(F)F)c(nn2)c1ccc(cc1)OC(F)F,2.025,1.480725379
c1ncc2n(c1Oc1ccc3c(c1)n(nc3)C)c(nn2)c1ccc(cc1)OC(F)F,10,2.0413926852
c1ncc2n(c1Oc1ccc3c(c1)nn(c3)C)c(nn2)c1ccc(cc1)OC(F)F,6.203,1.8575134148
c1ncc2n(c1Oc1ccc3c(c1)onc3C)c(nn2)c1ccc(cc1)OC(F)F,1.928,1.4665710724
c1ncc2n(c1Oc1ccc3c(c1)scc3)c(nn2)c1ccc(cc1)OC(F)F,0.576,1.1975562132
c1ncc2n(c1Oc1cccc(c1)Cl)c(nn2)c1ccc(cc1)OC(F)F,3.066,1.6091673743
c1ncc2n(c1Oc1cccc(c1)Oc1ccccn1)c(nn2)c1ccc(cc1)OC(F)F,6.038,1.8474492625
c1ncc2n(c1OCC(c1cc(c(cc1)F)F)N1CCOCC1)c(nn2)c1ccc(cc1)OC(F)F,0.613,1.2076343674
c1ncc2n(c1OCC(F)(F)F)c(nn2)c1c(n(nc1C)c1ccc(cc1)F)C,10,2.0413926852
c1ncc2n(c1OCC(F)(F)F)c(nn2)c1ccc(cc1)OC(F)F,10,2.0413926852
c1ncc2n(c1OCC1CCc3c1ccc(c3)Cl)c(nn2)c1ccc(cc1)OC(F)F,1.459,1.3907585287
c1ncc2n(c1OCCc1cc(c(cc1)F)F)c(cn2)c1ccc(cc1)Cl,0.11,1.0453229788
c1ncc2n(c1OCCc1cc(c(cc1)F)F)c(nn2)C1CCN(CC1)C(C)=O,10,2.0413926852
c1ncc2n(c1OCCc1cc(c(cc1)F)F)c(nn2)C1CCOCC1,10,2.0413926852
c1ncc2n(c1OCCc1cc(c(cc1)F)F)c(nn2)N1Cc2c(C1)cccc2,0.47,1.1673173347
c1ncc2n(c1OCCc1cc(c(cc1)F)F)c(nn2)N1CCCCC1,2.63,1.559906625
c1ncc2n(c1OCCc1cc(c(cc1)F)F)c(nn2)Nc1cc(c(cc1)F)F,0.85,1.2671717284
c1ncc2nnc(n2c1C(Nc1ccc(c(c1)F)F)=O)c1ccc(cc1)OC(F)F,0.65,1.2174839442
c1ncc2nnc(n2c1C(Nc1ccc(cc1)F)=O)c1ccc(cc1)OC(F)F,3.74,1.6757783417
c1ncc2nnc(n2c1OCc1cccc2c1cccc2)c1ccc(cc1)OC(F)F,1.668,1.4261858252
c1ncc2nnc(n2c1OCCc1ccc(c(c1)F)F)N1CCc2c1ccc(c2)F,2.05,1.4842998393
CC(=CCN1CCC(CC1)C(=O)Nc2ccc(cc2)c3nc4ccccc4[nH]3)C,1.16,1.3344537512
CC(=O)c1sc(NC(=O)Nc2ccc(C)cc2C)nc1C,0.536,1.1863912157
CC(=O)Nc1nnc(SCc2c(C)cc(cc2C)C(C)(C)C)s1,0.871,1.2720737875
CC(C)(C)c1ccc(cc1)C2CC(=C3C(N(C(=O)c4ccccc4Cl)c5ccccc5N=C3C2)c6ccc(F)cc6)O,0.947,1.2893659515
CC(C)(C)c1ccc(O)c(CNC2CCCCC2)c1,0.161,1.0648322197
CC(C)(C)c1ccc2OCN(Cc3ccc(Cl)cc3)Cc2c1,0.362,1.1341771076
CC(C)c1ccc(Cn2c(CCNC(=O)C)nc3ccccc23)cc1,1.79,1.4456042033
CC(C)c1ccc(CNCC(O)c2ccccc2)cc1,1.26,1.3541084391
CC(C)c2nc1ccccc1n2CC(=O)Nc4c(c3ccc(Cl)cc3F)c(C(F)(F)F)nn4C,0.001,1.0004340775
CC(C)CCNCC(O)Cn1c2ccccc2c3ccccc13,0.473,1.1682027468
CC(C)CN1C(C(C(=O)Nc2cc(C)on2)c3ccccc3C1=O)c4cccs4,0.033,1.0141003215
CC(C)OCc1cc(CN2CCN(CC2)c3cccc(Cl)c3)c(O)c4ncccc14,0.697,1.2296818423
CC(CCC(=C)C)N1CCC(CC1)N2CCC(CC2)C(=O)NCCc3ccccc3,1.75,1.4393326938
CC(N1C2=CC(F)=CC=C2)=CC(/C=C(C(N/3C4=CC=CC=C4)=O)\SC3=N/C5=CC=CC=C5)=C1C,4.1,1.7075701761
CC(N1C2=CC=C(C(F)(F)F)C=C2)=C(/C=C(C(N/3C4CCCC4)=O)\SC3=N/C5=CC=CC=C5)C=C1C,0.277,1.1061908973
CC(N1C2=CC=C(C(F)(F)F)C=C2)=C(/C=C(C(N/3CC#N)=O)\SC3=N/C4=CC=CC=C4)C=C1C,50,2.7075701761
CC(N1C2=CC=C(C(F)(F)F)C=C2)=C(/C=C3SC(N(CC#N)C4=CC=CC=C4)=NC\3=O)C=C1C,50,2.7075701761
CC(N1C2=CC=C(C(F)(F)F)C=C2)=CC(/C=C(C(N/3C4=CC=CC=C4)=O)\SC3=N/C5=CC=CC=C5)=C1C,0.304,1.1152775914
CC(N1C2=CC=C(C(F)(F)F)C=C2)=CC(C(O)=O)=C1C,50,2.7075701761
CC(N1C2=CC=C(F)C=C2)=C(C(CCC(N)=O)=O)C=C1C,50,2.7075701761
CC(N1C2=CC=C(F)C=C2)=C(C(O)=O)C=C1C,50,2.7075701761
CC(N1C2=CC=C(F)C=C2)=C(C(OC(C)C(N)=O)=O)C=C1C,11,2.079181246
CC(N1C2=CC=C(F)C=C2)=CC(C(NCC(N)=O)=O)=C1C,50,2.7075701761
CC(N1C2=CC=C(F)C=C2)=CC(C(OCC(NC(C3=O)=C(N(N3C4=CC=CC=C4)C)C)=O)=O)=C1C,0.282,1.1078880252
CC(N1C2=CC=CC=C2)=CC(C(O)=O)=C1C,50,2.7075701761
CC(N1C2=CC=CC=C2)=CC(C=O)=C1C,50,2.7075701761
CC(NCc1ccccc1)c2cc(Cl)ccc2O,0.603,1.2049335224
CC(Oc1ccc(NC(=O)c2cccs2)cc1)C(=O)c3ccc(Cl)cc3,1.03,1.3074960379
Cc1[nH]c(cc1C(=O)NC2CCN(Cc3ccccc3)CC2)c4ccc(F)cc4,0.771,1.2482185612
CC1=C(/C=C2S/C(NC\2=O)=N\C3=CC=CC=C3)C=C(C)N1C4=CC(C(F)(F)F)=CC(C(F)(F)F)=C4,0.034,1.0145205388
CC1=C(/C=C2S/C(NC\2=O)=N\C3=CC=CC=C3)C=C(C)N1C4=CC=C(C)C=C4,0.067,1.0281644194
CC1=C(/C=C2S/C(NC\2=O)=N\C3=CC=CC=C3)C=C(C)N1C4=CC=CC=C4,0.025,1.0107238654
CC1=C(/C=C2S/C(NC\2=O)=N\C3=CC=CC=C3)C=C(C)N1C4=NC=CC=C4,0.277,1.1061908973
CC1=C(CC(=O)c2cccc(c2)[N+](=O)[O-])C(=O)c3ccccc3C1=O,0.381,1.1401936786
CC1=CC(/C=C(C(N/2)=O)\SC2=N/C3=CC=CC=C3)=C(C)N1C(C=C4)=CC=C4C(F)(F)F,0.079,1.0330214447
CC1=CC(/C=C(S/2)/C(NC2=N\C3=CC=CC=C3)=O)=C(C)N1C4=CC=C(N)C=C4,2.3,1.5185139399
CC1=CC(=C(C)[N]1C2=CC=C(C=C2)Br)C(N(C)CC(=NC)O)=O,50,2.7075701761
CC1=CC(=C(C)[N]1C2=CC=C(C=C2)Cl)CNC3CCN(CC3)CC(=NC)O,14.7,2.1958996524
CC1=CC(=C(C)[N]1C2=CC=C(C=C2)F)C(=O)OCC(=NC)O,9.4,2.0170333393
CC1=CC(=C(C)[N]1C2=CC=C(C=C2)F)C(=O)OCC(N(C)C)=O,11.3,2.0899051114
CC1=CC(=C(C)[N]1C2=CC=CC=C2)C(=NCC(N(C)C)=O)O,50,2.7075701761
CC1=CC(=C(C)[N]1C2=CC=CC=C2)C(N3CCN=C(C3)O)=O,50,2.7075701761
CC1=CC(=C(C)[N]1C2=CC=CC=C2)C3=NN=C(O3)SCC(=NC4=CC(=CC=C4)OC)O,50,2.7075701761
CC1=CC(=CC=C1)[N]2C(=CC(=C2C)C(N(C)CC(N=C3C=C(C)ON3)=O)=O)C,50,2.7075701761
CC1=CC(=O)Oc2c1ccc3oc(C(=O)c4ccc(C)cc4)c(C)c23,0.906,1.2801228963
CC1=CC(C=O)=C(C)N1C1=CC=C(F)C=C1,50,2.7075701761
CC1=CC=C(N2C(C)=C(C(O)=O)C=C2C)C=C1,50,2.7075701761
CC1=CC=C(N2C(C)=C(C=O)C=C2C)C=C1,50,2.7075701761
Cc1cc(C)c2CN(Cc3ccccc3Cl)COc2c1,0.268,1.1031192535
Cc1cc(C)c2nc(sc2c1)N3CCC(CC3)C(=O)NCCCN4CCC(CC4)N5CCCCC5,0.697,1.2296818423
CC1CC(C)CN(C1)C(=O)c2ccc(Cl)cc2Cl,0.756,1.2445245116
Cc1cc(C=C2SC(=Nc3ccccc3)N(C4CCCC4)C2=O)c(C)n1c5ccc(Cl)cc5,0.263,1.1014033506
Cc1cc(Nc2ccc(C)c(Cl)c2)n3nc(nc3n1)C(F)(F)F,0.007,1.0030294706
Cc1cc(Nc2ccc(OCc3ccccc3)cc2)nc4cc(O)ccc14,0.684,1.2263420872
Cc1cc(Nc2cccc(F)c2)nc(NCc3ccccc3)n1,0.662,1.2206310194
Cc1cc(NCCN2CCCCC2)c3ccc4ccccc4c3n1,0.3,1.1139433523
CC1CC2=C(CC1CNCCCN(C)C)C(C)(C)CCC2,1.005,1.302114377
Cc1ccc(c(O)c1)c2cc([nH]n2)C(=O)Nc3ccc(cc3)S(=O)(=O)N4CCCCC4,0.535,1.1861083798
Cc1ccc(C)c(Cn2c(nc3ccccc23)N4CCC(CC4)C(=O)NCc5cccs5)c1,1.33,1.367355921
Cc1ccc(cc1)C2CC(n3nc(cc3N2)C(=O)N4CCN(CC4)C(c5ccccc5)c6ccccc6)C(F)(F)F,0.454,1.1625644065
Cc1ccc(cc1)c2cc3C(=O)c4ccccc4c3nn2,0.094,1.039017322
Cc1ccc(cc1)c2cc3nc4CCCCc4c(O)n3n2,0.396,1.1448854183
Cc1ccc(cc1)N2C(=O)C3C(C2=O)C4(C(=O)C3(C(=C4c5ccccc5)c6ccccc6)c7ccccc7)c8ccccc8,0.282,1.1078880252
Cc1ccc(cc1)N2C3N(c4ccccc4C2N(c5ccccc35)S(=O)(=O)c6ccc(C)cc6)S(=O)(=O)c7ccc(C)cc7,0.025,1.0107238654
Cc1ccc(Cl)cc1N2CCN(CCCNC(=O)C3CCN(CC3)c4nc5ccccc5[nH]4)CC2,1.33,1.367355921
Cc1ccc(Cn2c(nc3ccccc23)N4CCC(CC4)C(=O)NCc5cccs5)cc1,0.947,1.2893659515
Cc1ccc(CSCc2oc(cc2)C(=O)NC3CC3)cc1,0.635,1.213517757
Cc1ccc(F)cc1NC(=O)c2cc(Cl)ccc2Nc3ccccc3,0.539,1.1872386198
Cc1ccc(Nc2nc(cs2)c3ccccn3)cc1,0.35,1.1303337685
Cc1ccc(Nc2nc(N)c3ccccc3n2)cc1Cl,4,1.6989700043
Cc1ccc2c(C)nc(Nc3nc(C)cc(n3)c4ccccc4)nc2c1,4,1.6989700043
Cc1ccc2cc3c(N)c4c(C)ccc(C)c4nc3nc2c1,1.31,1.3636119799
Cc1ccc2nc(C)cc(Nc3cccc(c3)C(F)(F)F)c2c1,1.17,1.3364597338
Cc1cccc(c1)N2C(=O)C3C(C2=O)C4(C(=O)C3(C(=C4c5ccc6OCOc6c5)c7ccc8OCOc8c7)c9ccccc9)c%10ccccc%10,0.305,1.1156105117
Cc1cccc(Nc2nc(N)c3ccccc3n2)c1,0.4,1.1461280357
CC1CCCCC1NCC(O)Cn2c(C)c(C)c3ccccc23,0.769,1.2477278329
Cc1ccccc1OCCSc2nc3ccc(NC(=O)c4ccccc4)cc3s2,1.12,1.3263358609
Cc1ccccc1OCCSc2nc3ccc(NC(=O)c4cccs4)cc3s2,0.697,1.2296818423
CC1CCCCN1CCCNC(=O)c2ccc3c(c2)sc4nc(cn34)c5ccc(F)cc5,0.648,1.2169572074
CC1CCN(Cc2c(O)ccc3C=C(C(=O)Oc23)c4nc5ccccc5s4)CC1,1.132,1.3287872004
CC1CCN(Cc2ccc(NC(=O)c3cc4ccc5cccnc5c4[nH]3)cc2)CC1,0.274,1.105169428
Cc1ccnc(NC(c2cccc(OCc3ccccc3)c2)c4ccc5cccnc5c4O)c1,1.015,1.3042750505
CC1CN(CC(C)O1)C(=O)c2sc3ccccc3c2Cl,0.026,1.0111473608
Cc1nc2ccccc2c(O)c1CC=C,1.29,1.3598354823
Cc1nc2ccccc2c(O)c1CC=C(Cl)Cl,0.836,1.2638726769
Cc1onc(NC(=O)c2ccc(cc2)c3ccccc3)c1,0.693,1.2286569581
Cc1sc2ncnc(Sc3nc4ccccc4[nH]3)c2c1C,0.615,1.2081725267
Cc3nn(C)c(NC(=O)Cn2c(C(C)C)nc1ccccc12)c3c4ccc(Cl)cc4F,0.013,1.0056094454
CCC(C)NCC(O)(c1ccc(Cl)cc1)c2ccc(Cl)cc2,0.642,1.2153731528
CCC(c1ccccc1)c2nn3c(nnc3s2)c4cccs4,0.259,1.1000257301
CCC(O)c1ccc(Br)cc1NC(=O)c2cccc(Cl)c2,0.641,1.2151085811
CCC1(C)CC(CCNCc2ccccc2O)(CCO1)c3ccc(C)cc3,0.142,1.0576661039
CCC1=C(C)C(=N)c2ccccc2N1C,0.378,1.1392492176
CCC1=CC=C(C=C1)[N]2C(=CC(=C2C)CN3CCC(CC3)C(=O)O)C,50,2.7075701761
CCc1ccc(Nc2cc(C)c3ccc(O)cc3n2)cc1,0.194,1.0770043268
CCc1ccc(Nc2cc(C)nc3nc(C)nn23)cc1,4,1.6989700043
CCCC1=C(CC)C(=N)c2ccccc2N1C,0.243,1.0944711286
CCCc1c(C)nc2ccc(Br)cc2c1O,1.19,1.3404441148
CCCc1cc(O)c2C3=C(CN(C)CC3)C(=O)Oc2c1,0.146,1.0591846176
CCCCC(O)(C(CN1CCOCC1)c2ccc(Cl)cc2)c3ccc(Cl)cc3,1.38,1.3765769571
CCCCC1=C(CCC)C(=N)c2ccccc2N1C,0.716,1.2345172835
CCCCc1c(C)nc2c(OC)cccc2c1O,4,1.6989700043
CCCCc1ccc(NS(=O)(=O)c2cc3CCN4C(=O)CCc(c2)c34)cc1,0.538,1.1869563355
CCCCCC(=O)N1C(C2=C(O)CC(CC2=Nc3ccccc13)c4ccc(OC)c(OC)c4)c5ccc(cc5)C(F)(F)F,0.237,1.0923696996
CCCCCCc1cc(O)c2C3=C(CCC(C)C3)C(=O)Oc2c1,0.534,1.1858253596
CCCCCCc1cc2C=C(C(=Nc3ccccc3C)Oc2cc1O)c4nc5ccccc5[nH]4,0.551,1.1906117978
CCCCCCc1cc2C=C(C(=O)Oc2cc1O)c3csc(C=Cc4ccccc4)n3,0.387,1.1420764611
CCCCCCN1C(=N)N(CC(O)COc2cccc(C)c2)c3ccccc13,1.135,1.3293978794
CCCCCCOC(=O)C1=C(C)NC(=O)NC1c2ccccc2F,0.106,1.043755127
CCCCNc1nc(NC(C)(C)C)nc(NC(C)(C)C)n1,0.706,1.2319790268
CCCCNCC(O)(c1ccc(Cl)cc1)c2ccc(Cl)cc2,0.843,1.2655253352
CCCCOC(=O)c1ccc(Nc2cc(C)nc3ccc(OC)cc23)cc1,0.584,1.1997551773
CCCN(CCC)CC(O)COc1ccccc1C(=O)Nc2ccccc2,0.196,1.0777311797
CCCN(CCC)CCCNC(=O)c1cc2c(nn(C)c2s1)c3ccc(OC)c(OC)c3,1.43,1.3856062736
CCCN1C(=N)C(=CC2=C1N=C3N(C=CC=C3C)C2=O)C(=O)NC4CCCCC4,1.109,1.3240765797
CCCOCc1cc(CN2CCN(CC2)c3cccc(Cl)c3)c(O)c4ncccc14,0.407,1.1482940974
CCN(CC(=NC1=C(C=CC=C1F)F)O)C(C2=C(C)[N](C(=C2)C)C3=CC=C(C=C3)F)=O,50,2.7075701761
CCN(CC)CCN1C(=N)N(CC(O)c2ccc(Cl)c(Cl)c2)c3ccccc13,0.719,1.2352758767
CCN(CC)S(=O)(=O)c1ccc(cc1)c2csc(Nc3ccc(C)c(C)c3)n2,0.641,1.2151085811
CCN(Cc1ccccc1)C2CCN(Cc3cc(Br)ccc3O)CC2,0.625,1.2108533653
CCN=C([C@@H]1C[C@H](CN1CC2=C(C)[N](C(=C2)C)C3=CC=CC=C3Cl)N)O,24.7,2.4099331233
CCN1C(=Nc2ccccc2C1=O)SCC(=O)Nc3cc(ccc3Cl)C(F)(F)F,1,1.3010299957
CCn1c(CN2CCN(Cc3ccccc3)CC2)nc4cc(NC(=O)c5cccs5)ccc14,0.512,1.1795517912
CCN1C2=C(CCC2)C(=N)C3=C1CCCC3,0.695,1.2291697025
CCN1CCN(CC1)c2cc(C)c3cc(NC(=O)c4ccc(OC)c(OC)c4)ccc3n2,1.86,1.4563660331
CCN1CCN(Cc2ccc(NC(=O)c3cc4ccc5cccnc5c4[nH]3)cc2)CC1,0.361,1.1338581252
CCOC(=O)C1=C(C)N=C2SC(=Cc3cc(Cl)ccc3O)C(=O)N2C1c4ccc(OC)cc4,0.489,1.1728946978
CCOC(=O)C1=C(C)N=C2SC(=Cc3ccccc3O)C(=O)N2C1c4ccc(OC)c5ccccc45,1.51,1.3996737215
CCOC(=O)C1=C(N=C2SC(=Cc3cc(C)n(c3C)c4ccc(F)cc4)C(=O)N2C1c5cccc(OC)c5OC)c6ccccc6,0.154,1.0622058088
CCOC(=O)C1=CN(C)C=C(C1c2cc(Br)c(OCC)c(OC)c2)C(=O)OCC,0.519,1.1815577739
CCOC(=O)C1=CN(CC)c2cc(N(C)CCc3ccc(OC)c(OC)c3)c(F)cc2C1=O,0.205,1.0809870469
CCOC(=O)C1=CN(CC)c2cc(N3CCCCC3)c(F)cc2C1=O,0.119,1.0488300865
CCOC(=O)c1c(C)n(c2ccc(Cl)cc2)c3ccc(OC(=O)C=Cc4ccccc4)cc13,0.216,1.0849335749
CCOC(=O)c1c(NC(=O)c2ccccc2)sc3c(O)c(CN(CC)CC)ccc13,0.205,1.0809870469
CCOC(=O)c1ccc2nc(cc(O)c2c1)c3ccccc3,0.118,1.0484418036
CCOC(=O)C1CCN(CC1)C(=O)CN2C(c3ccccc3C2=O)c4c[nH]c5ccccc45,1.175,1.3374592613
CCOC(=O)c1cnc2c(C)cc(C)cc2c1Nc3ccc(OC)c(OC)c3,0.232,1.0906107078
CCOC(=O)c1cnc2c(C)cccc2c1Nc3ccc(cc3)C(=O)C,0.314,1.1185953652
CCOC(=O)c1cnc2ccc(Cl)cc2c1NCCCN(C)C,1.19,1.3404441148
CCOC(C1=C(C)N(C2=CC=C(C=C2)C)C(C)=C1)=O,50,2.7075701761
CCOC(C1=CC=C(N2C(C)=CC(/C=C(C(N/3)=O)\SC3=N/C4=CC=CC=C4)=C2C)C=C1)=O,0.258,1.0996806411
CCOc1c(Br)cc(cc1OC)C2C(=CN(C)C=C2C(=O)OC)C(=O)OC,0.512,1.1795517912
CCOc1cc(Br)c(cc1OCC)C(C)NC(=O)c2cccc(OC)c2,1.43,1.3856062736
CCOc1cc(cc(Cl)c1O)C2NCCc3cc(OCC)c(OCC)cc23,1.33,1.367355921
CCOc1cc(Cl)c(cc1OCC)C(C)NC(=O)c2cccc(OC)c2,0.728,1.2375437381
CCOc1cc(Cl)c(cc1OCC)C(C)NC(=O)c2ccccc2,1.37,1.374748346
CCOc1cc2CCNC(c3cc(C)c(O)c(C)c3)c2cc1OCC,0.683,1.226084116
CCOc1cc2CCNC(c3cc(Cl)ccc3O)c2cc1OCC,0.746,1.2420442394
CCOc1cc2CCNC(c3cc(OC)c(O)cc3Cl)c2cc1OCC,0.37,1.1367205672
CCOc1ccc(C=CC2=NC(=O)c3ccccc3O2)cc1,0.56,1.1931245984
CCOc1ccc(cc1)C2N(C)c3ccccc3N2C,0.941,1.2880255354
CCOc1ccc(cc1)n2cc(c3ccccc3)c4c(SCc5cc(C)ccc5C)ncnc24,1.705,1.4321672694
CCOc1ccc(cc1OCC)c2nonc2NC(=O)c3cccc(C)c3,0.117,1.0480531731
CCOc1ccc(CN2CCN(CC(O)COc3ccc(OCC(O)CN4CCN(Cc5ccc(OCC)cc5)CC4)cc3)CC2)cc1,1.2,1.3424226808
CCOc1ccc(Nc2c3ccccc3nc4ccccc24)cc1,1.06,1.3138672204
CCOc1ccc(Nc2ccnc3cc(Cl)ccc23)cc1,4,1.6989700043
CCOc1ccc2nc(C)cc(Nc3ccc(Br)cc3)c2c1,0.48,1.1702617154
CCOc1ccc2nc(C)cc(Nc3ccc(cc3)N(C)C)c2c1,4,1.6989700043
CCOc1ccc2OCN(Cc3ccc(Cl)cc3)Cc2c1,0.439,1.1580607939
CCOc1ccccc1CNC(=O)C2C(N(CC(C)C)C(=O)c3ccccc23)c4cccs4,1.32,1.3654879849
ClC(C=C1)=C(Cl)C=C1C2=NN=C3C=NC=C(OCCC4=CC=CC=C4)N32,0.709,1.2327420627
ClC(C=C1)=CC=C1C2=NN=C3C=NC=C(OCC4=CC=C(F)C(F)=C4)N32,0.452,1.1619666164
ClC(C=CC=C1)=C1C2=NN=C3N2C(OCCC4=CC=CC=C4)=CN=C3,5,1.7781512504
ClC(C=CC=C1)=C1CCOC2=CC=CC3=NN=C(C4=CC=C(C#N)C=C4)N32,5.2,1.7923916895
ClC1=CC=CC(C(NC2=CC(C(F)(F)F)=NC=C2)=O)=N1,50,2.7075701761
ClC1=CC=CC(C2=NN=C3C=NC=C(OCCC4=CC=CC=C4)N32)=C1Cl,0.259,1.1000257301
ClC1=CC=CC(C2=NN=C3N2C(OCCC4=CC=CC=C4)=CN=C3)=C1,2.5,1.5440680444
ClC1=CC=CC(N/N=C/C2=CC=C(C#N)C=C2)=N1,50,2.7075701761
ClC1=CC=CC=C1CCOC2=CN=CC3=NN=C(C4=CC=NC=C4)N32,10,2.0413926852
ClC1=CC=CC2=NN=C(C3=CC=C(C#N)C=C3)N21,50,2.7075701761
Clc1cc(Br)ccc1c2oc(CNCC3CCNCC3)cc2,0.801,1.2555137128
Clc1cc(NC(=O)c2oc(Br)cc2)ccc1N3CCCCC3,0.735,1.2392994791
Clc1ccc(C=CC2=NC(=O)c3ccccc3O2)cc1,0.995,1.2999429
Clc1ccc(cc1)C2(CN3CCC(CC3)NC(=O)CCc4occc4)CCC2,1.14,1.3304137733
Clc1ccc(cc1)S(=O)(=O)N2CCC(CC2)C(=O)NCc3occc3,0.891,1.2766915288
Clc1ccc(cc1Cl)C(=O)Nc2ccc(cc2)c3nc4ccccc4[nH]3,0.838,1.2643455071
Clc1ccc(Cl)c(c1)c2oc(cc2)C(=O)Nc3ccc(CN4CCOCC4)cc3,1.945,1.4690852991
Clc1ccc(NC(=O)Nc2ccc(Cl)c(Cl)c2)cc1Cl,1.16,1.3344537512
Clc1ccc2c(ccnc2c1)N3CCCC3,0.944,1.2886962606
Clc1ccc2nc(cc(C(=O)NC3CCN(Cc4ccccc4)CC3)c2c1)c5cccnc5,1.01,1.3031960574
Clc1ccc2nc(cc(C(=O)NC3CCN(Cc4ccccc4)CC3)c2c1)c5ccncc5,1.02,1.3053513694
Clc1ccc2OC(=O)C=C(NC3CCN(CCCc4ccccc4)CC3)c2c1,0.846,1.2662316967
ClCC(=O)NCCOc1ccc(Cl)cc1Cl,0.555,1.1917303934
CN(C)c1ccc(C=CC2=NC(=O)c3ccccc3O2)cc1,0.052,1.0220157398
CN(C)c1ccc(cc1)C(O)(c2ccc(cc2)N(C)C)c3ccc(cc3)N(C)C,0.255,1.0986437258
CN(C)CCCNc1c2ccccc2nc3ccccc13,0.235,1.0916669576
CN(C)CCCNCc1oc(cc1)c2ccc(F)c(Cl)c2,0.876,1.273232834
CN(C)CCNc1cc(nc2ccccc12)c3ccccc3,4,1.6989700043
CN1C(=O)c2cc(sc2c3ccccc13)C(=O)NCCCN4CCCCCC4,0.669,1.2224563367
CN1C(=O)N(C)c2cc(CNCCNc3ccnc4cc(Cl)ccc34)ccc12,0.545,1.1889284838
CN1C(N(C)c2ccccc12)c3ccc4OCOc4c3,0.994,1.299725154
CN1C=C(C(c2ccccc12)c3c[nH]c4ccccc34)c5ccc6ccccc6n5,0.552,1.1908917169
CN1CCN(CC1)c2c3CCCc3c(C#N)c4nc5ccccc5n24,4,1.6989700043
CN1CCN(CC1)c2ccc(Nc3c4ccccc4nc5ccccc35)cc2,0.142,1.0576661039
CNCCCNc1ccnc2cc(Cl)ccc12,0.082,1.0342272608
COC(=O)c1ccc(cc1)C2N(C(=O)c3ccccc3)c4ccccc4N=C5CC(CC(=C25)O)c6ccc(F)cc6,0.327,1.1228709229
COc1cc(cc(OC)c1O)c2nc(c3ccc(Sc4ccccc4)cc3)c([nH]2)c5ccccc5,0.35,1.1303337685
COc1cc(cc(OC)c1O)c2nc(c3ccccc3)c([nH]2)c4ccccc4,1.18,1.3384564936
COc1cc(cc(OC)c1OC)C(=O)Nc2ccc(cc2)c3nc4ccccc4[nH]3,1.22,1.3463529745
COc1cc(cc(OC)c1OC)C(=O)ON=C(N)Cc2cccc3ccccc23,0.782,1.2509076997
COc1cc(CNCCc2ccc(Cl)cc2)cc(OC)c1O,1.79,1.4456042033
COc1cc(OC)c(cc1Cl)N(C)C(=O)c2cc3CS(=O)(=O)c4ccccc4c3s2,0.078,1.0326187609
COc1cc(OC)cc(c1)C(=O)Nc2ccc(cc2)c3nc4ccccc4[nH]3,1.09,1.3201462861
COc1cc(OC)cc(c1)N2C(=O)N(Cc3ccc(cc3)C(C)(C)C)c4ccccc4S2(=O)=O,1.43,1.3856062736
COc1cc(SC)ccc1C(=O)N2CCCC(C)C2,4,1.6989700043
COc1cc2cc(C(=O)Nc3ccccc3)c(N)nc2cc1OC,0.927,1.2848817147
COc1cc2CCN(C)C3Cc4ccc(Oc5cc(CC6N(C)CCc7cc(OC)c(OC)c(Oc1cc23)c67)ccc5O)cc4,1.27,1.3560258572
COc1ccc(Br)cc1C2Nc3ccc4ccccc4c3C5=C2C(=O)CC(C5)c6ccccc6,0.18,1.0718820073
COc1ccc(c(OC)c1)n2ccnc2SCC(=O)Nc3cc(C)ccc3C,0.17,1.0681858617
COc1ccc(C=C2SC(=N)N(C2=O)c3ccccc3OC)cc1,0.168,1.0674428428
COc1ccc(C=C2SC(=NC2=O)Nc3ccc(F)cc3)c(OC)c1,0.591,1.2016701796
COc1ccc(C=C2SC(=NC2=O)Nc3ccccc3)cc1,0.551,1.1906117978
COc1ccc(cc1)C(=O)C2CC2c3ccc(Cl)cc3,1.06,1.3138672204
COc1ccc(cc1)C(=O)NC(c2ccc(Cl)cc2Cl)c3cc(Cl)c4cccnc4c3O,0.513,1.179838928
COc1ccc(cc1)C(=O)NC(c2ccccc2Cl)c3cc(Cl)c4cccnc4c3O,0.83,1.2624510897
COc1ccc(cc1)C2=C(c3ccc(OC)cc3)C4(C5C(C(=O)N(C5=O)c6ccc(C)cc6)C2(C4=O)c7ccccc7)c8ccccc8,0.148,1.0599418881
COc1ccc(cc1)C2=CC(=O)Oc3c4CN(Cc5ccc(F)cc5)COc4ccc23,0.735,1.2392994791
COc1ccc(cc1)C2C(C(=O)Nc3cccc(OC)c3)c4ccccc4C(=O)N2C5CCCCC5,1.18,1.3384564936
COc1ccc(cc1)c2nc(NC(=O)CS(=O)(=O)c3ccc(F)cc3)sc2C,0.448,1.1607685619
COc1ccc(cc1)c2nc3cc(Cc4ccc5[nH]c(nc5c4)c6ccc(OC)cc6)ccc3[nH]2,0.177,1.0707764628
COc1ccc(cc1)C2Sc3ccccc3N=C4C2=C(O)c5ccccc45,0.845,1.2659963705
COc1ccc(cc1)N2CCN(CC2)C(CNC(=O)C3CCCCC3)c4ccc5OCOc5c4,1.11,1.3242824553
COc1ccc(cc1Cl)C(=O)Nc2nonc2c3ccc(OC)c(OC)c3,0.516,1.1806992013
COc1ccc(cc1CN2CCN(CC2)c3ccc(F)cc3)C4NCCc5c4[nH]c6ccccc56,0.935,1.2866809694
COc1ccc(cc1N2C(=O)C3C(C2=O)C4(C(=O)C3(C(=C4c5ccc(C)cc5)c6ccc(C)cc6)c7ccccc7)c8ccccc8)C(=O)C,0.179,1.0715138051
COc1ccc(CCN2CCC(CN(C)Cc3cnn(c3)c4ccccc4)CC2)cc1,1.43,1.3856062736
COc1ccc(CCNC(=O)c2cc(ccc2Sc3ccc(F)cc3)S(=O)(=O)N4CC(C)CC(C)C4)cc1OC,0.632,1.2127201544
COc1ccc(CN2CCN(Cc3ccccc3)CC2)c(O)c1,1.08,1.318063335
COc1ccc(CNC(=O)C2=CC3=C(N=C4C=CC=CN4C3=O)N(CCc5ccccc5)C2=N)cc1,1.06,1.3138672204
COc1ccc(CNC2CCN(CC2)c3ccc(NC(=O)c4cccc(Cl)c4)cc3)cc1OC,0.663,1.2208922492
COc1ccc(NC(=O)C2C(N(CC(C)C)C(=O)c3ccccc23)c4cccs4)cc1,0.037,1.0157787564
COc1ccc(NC(=O)C2C(N(CC(C)C)C(=O)c3ccccc23)c4cccs4)cc1Cl,0.02,1.0086001718
COc1ccc(Nc2nc(NN=Cc3ccc(O)cc3)nc(Nc4ccc(cc4)[N+](=O)[O-])n2)cc1,0.532,1.1852587653
COc1ccc(OC)c(c1)C2C3=C(CC(C)(C)CC3=O)N(C4=C2C(=O)CC(C)(C)C4)c5ccc(Cl)c(Cl)c5,0.912,1.2814878879
COc1ccc2C(=O)C=C(Oc2c1)C(Cl)(Cl)Cl,0.52,1.1818435879
COc1ccc2C3CC(=Nc4ccccc4N3C(=O)c2c1OC)c5ccc(C)cc5,1.24,1.3502480183
COc1ccc2nc(C)cc(Nc3ccc(Cl)cc3)c2c1,2,1.4771212547
COc1ccc2nc(C)cc(Nc3cccc(O)c3)c2c1,0.969,1.2942457161
COc1ccc2nccc(C(O)C3CC4(CCN3CC4)C=C)c2c1,0.042,1.017867719
COc1cccc(C=CC2=NC(=O)c3ccccc3O2)c1OC,0.024,1.0102999566
COc1cccc(c1)C(=O)NC(c2ccc(C)cc2)c3cc(Cl)c4cccnc4c3O,0.393,1.1439511164
COc1cccc(c1)c2nn(C)c3sc(cc23)C(=O)NCCN4CCN(CC4)c5ccccc5F,1.3,1.361727836
COc1cccc(NC(=O)[C@H](C(C)C)N2C(=O)Nc3ccccc3C2=O)c1,0.139,1.0565237241
COc1cccc(NC(=O)Cn2c(C)c(C#N)c3ccccc23)c1,1.09,1.3201462861
COc1cccc(Nc2nc(N)c3ccccc3n2)c1,4,1.6989700043
COc1cccc(O)c1CN2CCC3(CCCN(Cc4ccc(F)cc4)C3)C2,0.53,1.1846914308
COc1ccccc1C(=O)ON=C(N)Cc2cccc3ccccc23,0.814,1.2586372827
COc1ccccc1CNC(=O)CCN2C(=O)Nc3ccccc3C2=O,0.073,1.030599722
COc1ccccc1CNC(=O)CCN2C(=O)Nc3ccsc3C2=O,0.14,1.0569048513
COc1ccccc1N=C2C(=O)c3ccccc3C(=C2N4CCCCC4)O,0.005,1.0021660618
COc1ccccc1N2C(=N)SC(=Cc3ccc(OCc4ccccc4F)cc3)C2=O,0.478,1.1696744341
COc1nc(Nc2ccc(cc2)C(C)C)nc(OC)n1,1.14,1.3304137733
COCCN(C(C(=O)NCc1ccc(OC)cc1)c2ccc(cc2)C(C)C)C(=O)Cc3cccs3,1.19,1.3404441148
CSC1=NC(=Nc2c(C)cccc2C)C3(CCC(CC3)C(C)(C)C)N1c4ccc(Cl)cc4,0.135,1.0549958615
CSc1ccccc1C(=O)Nc2nc(cs2)c3ccccn3,0.206,1.0813473078
FC(C(F)=C1)=CC=C1CCOC2=CC=CC3=NN=C(C4=CC=C(C#N)C=C4)N32,3.5,1.6532125138
FC(C=C1)=C(F)C=C1C2=NN=C3C=NC=C(OCCC4=CC=CC=C4)N32,0.582,1.1992064792
FC(C=C1)=CC=C1C2=NN=C3C=NC=C(OCCC4=CC=CC=C4)N32,0.366,1.1354506993
FC(C=C1)=CC=C1N2C(C)=C(C(N(C)C)=O)C=C2C,50,2.7075701761
FC(C=C1)=CC=C1N2C(C)=C(C(N(C)CC(N)=O)=O)C=C2C,50,2.7075701761
FC(C=C1)=CC=C1N2C(C)=C(C(NC(CO)C(OC)=O)=O)C=C2C,50,2.7075701761
FC(C=C1)=CC=C1N2C(C)=C(C(OC(C)(C)C(N)=O)=O)C=C2C,50,2.7075701761
FC(C=C1)=CC=C1N2C(C)=C(C3=NC(C(OC)=O)=CO3)C=C2C,50,2.7075701761
FC(C=C1)=CC=C1N2C(C)=C(CN(C)CC(N)=O)C=C2C,50,2.7075701761
FC(C=C1)=CC=C1N2C(C)=C(CN3CCCC3)C=C2C,50,2.7075701761
FC(C=C1)=CC=C1N2C(C)=C(CNCC(N)=O)C=C2C,50,2.7075701761
FC(C=C1)=CC=C1N2C(C)=CC(CNC3CCN(CC4=CC=CC=C4)CC3)=C2C,4.8,1.7634279936
FC(C=C1)=CC=C1N2C=C(C(OCC(N)=O)=O)C=N2,50,2.7075701761
FC(F)(F)c1cccc(CNC2CCN(CCc3ccccc3)CC2)c1,0.685,1.2265999052
FC(F)(F)c1cccc(Nc2nc3ccccc3nc2Nc4cccc(c4)C(F)(F)F)c1,0.313,1.1182647261
FC(F)OC(C=C1)=CC=C1C2=NN=C3C=NC=C(C(NC4=CC(C(F)(F)F)=CC(C(F)(F)F)=C4)=O)N32,0.309,1.1169396466
FC(F)OC(C=C1)=CC=C1C2=NN=C3C=NC=C(OC(C)C4=CC=C(Cl)C(Cl)=C4)N32,0.702,1.2309595557
FC(F)OC(C=C1)=CC=C1C2=NN=C3C=NC=C(OC[C@H](NC)C4=CC=CC=C4)N32,10,2.0413926852
FC(F)OC(C=C1)=CC=C1C2=NN=C3C=NC=C(OCC4=CC=C(Cl)C(Cl)=C4)N32,0.529,1.1844074854
FC(F)OC(C=C1)=CC=C1C2=NN=C3C=NC=C(OCC4=CC=C(Cl)C=C4)N32,1.636,1.4209454059
FC(F)Oc1ccc(cc1)c2nnc3cncc(OC)n23,10,2.0413926852
FC(F)Oc1ccc(cc1)c3nnc4cncc(OCC(N)c2ccccc2)n34,2,1.4771212547
FC(OC(C=C1)=CC=C1C2=NN=C3N2C(OCC4=NC=CC=C4)=CN=C3)F,5,1.7781512504
FC1=C(F)C=CC(C(OC)COC2=CN=CC3=NN=C(C4=CC=C(C#N)C=C4)N32)=C1,0.207,1.0817072701
FC1=C(F)C=CC(CCOC2=CN=CC3=NN=C(C4=CC=C(OC(F)F)C=C4)N32)=C1,0.281,1.1075491297
FC1=CC(C2=NN=C3N2C(OCC4=NC=CC=C4)=CN=C3)=CC(F)=C1,10,2.0413926852
FC1=CC(C2=NN=C3N2C(OCCC4=CC=CC=C4)=CN=C3)=CC(F)=C1,5,1.7781512504
FC1=CC=C(C=C1)N2C(C)=CC(/C=C(SC(N(C3=CC=CC=C3)C(C)=O)=N4)/C4=O)=C2C,0.046,1.0195316845
FC1=CC=C(N2C(C)=C(S(N(CC(N)=O)C)(=O)=O)C(S(N(C)CC(N)=O)(=O)=O)=C2C)C=C1,50,2.7075701761
FC1=CC=C(N2C(C)=CC(/C=C3S/C(NC\3=O)=N\C4=CC=CC=C4)=C2C)C=C1,0.193,1.0766404437
FC1=CC=C(N2C(C)=CC(C(CCC(N(C)C)=O)=O)=C2C)C=C1,50,2.7075701761
FC1=CC=C(N2C(C)=CC(C(CCC(NC)=O)=O)=C2C)C=C1,50,2.7075701761
FC1=CC=C(N2C(C)=CC(C(CCC(O)=O)=O)=C2C)C=C1,50,2.7075701761
FC1=CC=C(N2C(C)=CC(C(N(C(NC3CCCCC3)=O)C4CCCCC4)=O)=C2C)C=C1,50,2.7075701761
FC1=CC=C(N2C(C)=CC(C(NC3=C(C)N(C)N(C4=CC=CC=C4)C3=O)=O)=C2C)C=C1,50,2.7075701761
FC1=CC=C(N2C(C)=CC(C(NCC(NC3=C(C)N(C)N(C4=CC=CC=C4)C3=O)=O)=O)=C2C)C=C1,50,2.7075701761
FC1=CC=C(N2C(C)=CC(C(OC(C)C(O)=O)=O)=C2C)C=C1,50,2.7075701761
FC1=CC=C(N2C(C)=CC(C(OC(C)C(OCC)=O)=O)=C2C)C=C1,50,2.7075701761
FC1=CC=C(N2C(C)=CC(C(OCC(N)=O)=O)=C2C)C=C1,0.515,1.1804126328
FC1=CC=C(N2C(C)=CC(C3=NC(C(O)=O)=CO3)=C2C)C=C1,50,2.7075701761
FC1=CC=C(N2C(C)=CC(S(N(C)CC(N)=O)(=O)=O)=C2C)C=C1,50,2.7075701761
FC1=CC=C(N2C(C)=CC(S(NCC(N)=O)(=O)=O)=C2C)C=C1,50,2.7075701761
FC1=CC=C(N2N=CC(C3=NC(C(N)=O)=CO3)=C2C)C=C1,50,2.7075701761
FC1=CC=C(N2N=CC(C3=NC(C(O)=O)=CO3)=C2C)C=C1,50,2.7075701761
FC1=CC=C(N2N=CC(C3=NC(C(OC)=O)=CO3)=C2C)C=C1,50,2.7075701761
FC1=CC=C(N2N=NC(COC(CBr)=O)=C2)C=C1,50,2.7075701761
FC1=CC=C(N2N=NC(COCC(N)=O)=C2)C=C1,50,2.7075701761
FC1=CC=C(N2N=NC(COCC(OC)=O)=C2)C=C1,50,2.7075701761
FC1=CC=C(N2N=NC(COCC(OCC)=O)=C2)C=C1,50,2.7075701761
FC1=CC=C(N2N=NC(COCC(OCC3=CN(C4=CC=C(F)C=C4)N=N3)=O)=C2)C=C1,50,2.7075701761
Fc1ccc(NC(=O)Nc2ccc(Cl)c(Cl)c2)cc1Cl,2.06,1.4857214265
Fc1ccc2[nH]c3c(NCCCN4CCOCC4)ncnc3c2c1,0.345,1.1287222843
Fc1cccc(c1)C2Sc3ccccc3N=C4C2C(=O)c5ccccc45,0.415,1.1507564399
N#CC(C=C1)=CC=C1C2=NN=C3C=CC=C(OCCC4=CC=CC=C4)N32,6.8,1.8920946027
N#CC(C=C1)=CC=C1C2=NN=C3C=NC=C(OCCC4=CC=CC=C4)N32,0.534,1.1858253596
N#CC(C=C1)=CC=C1C2=NN=C3C=NC=C(OCCC4=CC=CC=C4Cl)N32,0.309,1.1169396466
N#CC(C=C1)=CC=C1C2=NN=C3N2C(OCC(OC)C4=CC=CC=C4)=CN=C3,0.285,1.1089031277
N(c1cncc2n1c(nn2)c1ccc(cc1)OC(F)F)S(Cc1ccc(cc1)C(F)(F)F)(=O)=O,10,2.0413926852
n(CC(CNCC1CCCO1)O)(c2c3cc(Cl)cc2)c4c3cc(Cl)cc4,1.06,1.3138672204
n(CC(CNCCOC)O)(c1c2cc(Cl)cc1)c3c2cc(Cl)cc3,1.01,1.3031960574
N1(C=CC(N)=NC1=O)C2O[C@@H]([C@@H](O)[C@H]2O)CO,0.385,1.1414497734
n1(c2c(cccc2)n3)c3c(C#N)c(C)cc1N(CC4)CCN4C5CCCC5,0.683,1.226084116
n1(c2c(cccc2)n3)c3c4c(cccc4)NC1(C)c5cccc(OC)c5,1.15,1.3324384599
n1(c2c(cccc2)n3)c3c4c(cccc4)NC1(C)c5ccccc5,1.73,1.436162647
N1(CC(=O)c(ccc(Cl)c2Cl)c2)c3c(cccc3)N(CCN4CCCCC4)C1=N,1.24,1.3502480183
N1(CC(C1)c1ccccc1)c1cncc2n1c(nn2)c1ccc(cc1)OC(F)F,10,2.0413926852
N1(CC(C1)Oc1cc(c(cc1)F)F)c1cncc2n1c(nn2)c1ccc(cc1)OC(F)F,4.96,1.7752462597
n1(CCc2ccccc2F)c3c(nc4c(cccc4)n3)c(C(=O)NCC(C)C)c1N,0.832,1.2629254693
n1(n2)c(nc(C)cc1Nc(cc(C)cc3C)c3)nc2C(F)(F)F,0.086,1.0358298253
n1(n2)c(nc(C)cc1Nc(cc3)ccc3Cl)nc2C(F)(F)F,0.212,1.0835026198
n1(nc(C)c2c3ccc(OC)c(OC)c3)c2ncc(C#N)c1N,0.477,1.1693804953
n1(nc(C)cc1NC(=O)c(cccc2C(F)(F)F)c2)c3scc(c(ccc(OCO4)c45)c5)n3,0.959,1.292034436
n1(ncn2)c2nc(C)cc1Nc(ccc(cccc3)c34)c4,0.242,1.0941215958
n12c(cc(C(C)(C)C)n1)nc(CCN3Cc4ccccc4OCC)c(C3)c2O,1.01,1.3031960574
n12c(nc(c3ccc(Cl)s3)cc1C(F)(F)F)cc(C(=O)NC(CC4)CCN4Cc5ccccc5)n2,0.959,1.292034436
N1C(c2cccc(cccc3)c23)C(CC=C4)C4c5c1c(Cl)ccc5C(OC)=O,0.939,1.2875778091
n1c(cc(C)nc1Nc(cc2)ccc2NC(CCc3ccccc3)=O)N4CCCC4,1.07,1.3159703455
n1c(N(C)C)cc(C)nc1Nc(cc2)ccc2NC(=O)Nc3ccccc3,1.15,1.3324384599
n1c(N)c2c(cccc2)nc1Nc3cccc(F)c3,1,1.3010299957
n1c(Nc(cc2)ccc2OC)cc(C)nc1NCc3ccccc3,0.467,1.1664301138
n1c(NCc2ccccc2)c3c(cccc3)nc1Nc(cc4)ccc4OC,0.589,1.2011238972
n1c(NCCO)c2c(cccc2)nc1Nc(ccc(C)c3C)c3,0.428,1.1547282074
n1c(NCCO)c2c(cccc2)nc1Nc3cccc(OC)c3,0.854,1.2681097298
Nc1ccc(cc1)c2nc3cc(Cc4ccc5[nH]c(nc5c4)c6ccc(N)cc6)ccc3[nH]2,1.42,1.383815366
Nc1ccc(cc1)c2nc3cc(Oc4ccc(Oc5ccc6[nH]c(nc6c5)c7ccc(N)cc7)cc4)ccc3[nH]2,0.842,1.2652896259
O=C(/C(S/1)=C/C2=C(C)N(C(C)=C2)C3=CC(OC)=CC=C3)NC1=N\C4=CC=CC=C4,0.119,1.0488300865
O=C(/C(S/1)=C/C2=C(C)N(C(C)=C2)C3=CC=C(C#N)C=C3)NC1=N\C4=CC=CC=C4,1.202,1.3428173146
O=C(/C(S/1)=C/C2=C(C)N(C(C)=C2)C3=CC=C(I)C=C3)NC1=N\C4=CC=CC=C4,2.454,1.5383223332
O=C(/C(S/1)=C/C2=C(C)N(C(C)=C2)C3=CC=C(S(=O)(N)=O)C=C3)NC1=N\C4=CC=CC=C4,3.715,1.6734816971
O=C(/C(S/1)=C/C2=C(C)N(C3=CC=C([N+]([O-])=O)C=C3)C(C)=C2)NC1=N\C4=CC(O)=CC=C4,2.3,1.5185139399
O=C(/C(S/1)=C/C2=C(C)N(C3=CC=C([N+]([O-])=O)C=C3)C(C)=C2)NC1=N\C4=CC=CC=C4,0.262,1.1010593549
O=C(/C(S/1)=C/C2=C(C)N(C3=CC=C(OC)C=C3)C(C)=C2)NC1=N\C4=CC(O)=CC=C4,1.6,1.414973348
O=C(/C(S/1)=C/C2=C(C)N(C3=CC=C(OC)C=C3)C(C)=C2)NC1=N\C4=CC=CC=C4,0.166,1.0666985504
O=C(/C(S/1)=C/C2=C(C)N(C3=CC=CC=C3)C(C)=C2)NC1=N\C4=CC(O)=CC=C4,1.2,1.3424226808
O=C(/C(S/1)=C/C2=C(C)N(C3=CC=CC=C3)C(C)=C2)NC1=N\C4=CC=C(O)C=C4,1.8,1.4471580313
O=C(/C(S/1)=C/C2=C(C)N(C3=CC=CC=N3)C(C)=C2)NC1=N\C4=CC=C(O)C=C4,50,2.7075701761
O=C(/C(S/1)=C/C2=C(C)NC(C)=C2)NC1=N\C3=CC=CC=C3,1.2,1.3424226808
O=C(C1=C(C)N(C2=CC=C(C(F)(F)F)C=C2)C(C)=C1)OCC,50,2.7075701761
O=C(C1=C(C)N(C2=CC=C(F)C=C2)C(C)=C1)OCC,50,2.7075701761
O=C(C1=C(C)N(C2=CC=CC=C2)C(C)=C1)OCC,50,2.7075701761
O=C(N/C1=N/C2=CC=CC=C2)/C(S1)=C/C3=CC=CC=C3,50,2.7075701761
O=C(N=C(S/1)N(C(C)=O)C2=CC=CC=C2)C1=C\C3=C(C)N(C4=CC=C(C=C4)C(F)(F)F)C(C)=C3,0.015,1.0064660422
O=C(N=C(S/1)N(C2=CC=CC=C2)C(C)=O)C1=C\C3=C(C)N(C4=CC=C(C)C=C4)C(C)=C3,0.169,1.0678145112
O=C(N=C(S/1)N(C2=CC=CC=C2)C(C)=O)C1=C\C3=C(C)N(C4=CC=CC=C4)C(C)=C3,0.059,1.0248959601
O=C(N1CC(C=CC=C2)=C2C1)C3=CN=CC4=NN=C(C5=CC=C(OC(F)F)C=C5)N43,10,2.0413926852
O=C(NC1=C(C)C(Cl)=CC=C1)C2=CN=CC(N23)=NN=C3C4=CC=C(OC)C=C4,10,2.0413926852
O=C(NC1=C(C)N(C)N(C2=CC=CC=C2)C1=O)CNC(C3=CC=CC=C3)=O,50,2.7075701761
O=C(NC1=C(F)C(Cl)=CC=C1)C2=CN=CC(N23)=NN=C3C4=CC=C(OC)C=C4,5.66,1.8234742292
O=C(NC1=CC(Cl)=CC=C1)C2=CN=CC(N23)=NN=C3C4=CN=CC=C4,10,2.0413926852
O=C(NC1=CC(Cl)=CC=C1)C2=CN=CC(N23)=NN=C3C4=NC=CC=C4,10,2.0413926852
O=C(NC1=CC(Cl)=CC=C1C)C2=CN=CC(N23)=NN=C3C4=CC=C(OC)C=C4,1.06,1.3138672204
O=C(NC1=CC=C(F)C=C1F)NC2=C(C3=CC=C(Br)C=C3)C(C(F)(F)F)=NN2C,0.184,1.0733517024
O=C(NC1=CC=NC(C(F)(F)F)=C1)C2=CC=CC(N/N=C/C3=CC=C(C#N)C=C3)=N2,50,2.7075701761
O=C(NC1=CC=NC(C(F)(F)F)=C1)C2=CC=CC3=NN=C(C4=CC=C(C#N)C=C4)N32,50,2.7075701761
O=C(Nc1ccc(cc1)C23CC4CC(CC(C4)(C2)c5ccccc5)C3)c6cccs6,0.826,1.2615007732
O=C(Nc1ccc(cc1)N2CCN(Cc3ccccc3)CC2)c4cccs4,1.075,1.317018101
O=C(Nc1cccc(c1)C(=O)Nc2cccc(c2)c3nc4ccccc4[nH]3)c5occc5,0.745,1.2417954313
O=C(Nc1cccc(c1)C2=NCCN2)Nc3cccc(c3)C4=NCCN4,1.01,1.3031960574
O=C(NC1CCCCC1)C(N(CCc2ccccc2)C(=O)c3occc3)c4cccs4,1.07,1.3159703455
O=C(NC1CCN(Cc2ccccc2)CC1)c3cc(cc(c3)C(=O)NC4CCN(Cc5ccccc5)CC4)C(=O)NC6CCN(Cc7ccccc7)CC6,0.646,1.2164298309
O=C(NCC1Cc2cccc(c2O1)c3ccncc3)c4csc5CCCCc45,1.72,1.434568904
O=C(OCC(N)=O)C1=C(C)N(N=C1)C2=CC=CC=C2,50,2.7075701761
O=C1C2=CC=CC=C2[C@@H](C(NC3=CC(C#N)=C(F)C=C3)=O)[C@H](C4=CN=CC=C4)N1CC(F)(F)F,0.93,1.285557309
O=C1C2=CC=CC=C2[C@H](C(NC3=CC(C#N)=C(F)C=C3)=O)[C@@H](C4=CN=CC=C4)N1CC(F)(F)F,0.03,1.0128372247
OC(CN1C(=N)N(CCN2CCCCC2)c3ccccc13)c4cccc(Br)c4,0.893,1.277150614
OC(Cn1nnc2ccccc12)Cn3c4ccc(Br)cc4c5cc(Br)ccc35,1.26,1.3541084391
OC(CNC1CCCC1)Cn2c3ccccc3c4ccccc24,0.66,1.220108088
OC(CNC1CCCCC1)Cn2c3ccc(I)cc3c4cc(I)ccc24,0.466,1.1661339703
OC(CNC1CCCCC1)Cn2c3ccccc3c4ccccc24,0.293,1.1115985249
OC(CNCc1ccccc1)Cn2c3ccccc3c4ccccc24,1.08,1.318063335
OC(COc1ccccc1C(=O)CCc2ccccc2)CN3CCCCC3,0.677,1.2245330626
OC(COc1cncc2nnc(CC)n12)c3ccccc3,10,2.0413926852
OC(COc2cncc3nnc(C1CCCCC1)n23)c4ccccc4,5,1.7781512504
OC(COc2cncc3nnc(c1ccccc1)n23)c4ccccc4,5,1.7781512504
OC1=C2C(Sc3ccccc3N=C2c4ccccc14)c5ccc(Br)cc5,0.567,1.1950689965
Oc1c(ccc2cccnc12)C(NC(=O)c3ccccc3)c4ccccc4,1.17,1.3364597338
Oc1c(ccc2cccnc12)C(Nc3ccccn3)c4cccc(Oc5ccccc5)c4,1.01,1.3031960574
Oc1ccc(cc1)c2nc(c3ccc4oc5ccc(cc5c4c3)c6[nH]c(nc6c7ccccc7)c8ccc(O)cc8)c([nH]2)c9ccccc9,0.326,1.1225435241
Oc1ccc2ccccc2c1C(NC(=O)Cc3ccccc3)c4ccc(Cl)cc4,1.14,1.3304137733
Oc1ccc2ccccc2c1CNc3nc4ccccc4[nH]3,0.646,1.2164298309
Oc1ccccc1CN2CCC3(CCCN(Cc4ccccc4F)C3)C2,0.548,1.1897709563
Oc1ccccc1CN2CCN(CC2)C(c3ccccc3)c4ccccc4,0.611,1.2070955404
Oc1ccccc1CNCC23CC4CC(CC(C4)C2)C3,0.023,1.0098756337
OCCCCN1C(=O)c2ccc3C(=O)N(CCCCO)C(=O)c4ccc(C1=O)c2c34,0.795,1.2540644529
OCCNc1nc(Nc2ccc(Cl)c(Cl)c2)nc3ccccc13,0.59,1.2013971243
